{
    "means": [
        8.646933875000117, 30.995774999999814, 5.511424250000003, 1.5003788750000158, 18.0061728749998,
        3.5012625, 5.126624750000043, 5550.3418875, 12.518948250000015, 29.007371749999898, 2.757101374999977,
        20.9593, 0.00010558466497239743, -0.002939338446834882, -0.001549808827125734, 0.0020649843232467954,
        0.2861375, 0.0805375, 0.0793875
    ],
    "stds": [
        6.684070174873057, 26.160733397247583, 2.5934492508070868, 0.2886555087015193, 4.898500695301095,
        2.2892790144704707, 6.483810350999087, 2940.919000733547, 7.214762546946394, 10.997947163893862,
        1.2966843878612413, 11.226163347733824, 0.7080743060997862, 0.7061318051062713, 0.7074061141818522,
        0.7068026057891283, 0.45195445687991553, 0.27212352175778626, 0.2703426064160513
    ]
}
