{
  "means": [
    12.072257125000062,
    37.599297250000006,
    8.522703000000066,
    1.500496250000006,
    20.796789874999686,
    3.513475,
    5.087255750000014,
    5522.8912625,
    12.461325999999927,
    29.00680799999988,
    3.278977249999983,
    21.0059875,
    0.004287536016048898,
    -0.002285902931085516,
    -0.0013573492463355428,
    -0.002225762370354092,
    0.28505,
    0.080625,
    0.080025
  ],
  "stds": [
    8.551541684786343,
    29.501570966452647,
    3.7529466511383354,
    0.28825829343823123,
    5.845676498819186,
    2.292388148715983,
    6.466972232161921,
    2944.140093021854,
    7.215116649211215,
    10.962993444362546,
    1.7350295563714018,
    11.282375709479114,
    0.7056871755430115,
    0.7085068820816771,
    0.7062355217166391,
    0.7079721685564336,
    0.4514382543604063,
    0.2722583504228707,
    0.27133189892620097
  ]
}