{
  "means": [
    6.5691710000000025,
    24.29467825000002,
    6.475693874999931,
    1.50022100000001,
    17.32744774999968,
    3.5062125,
    7.703391250000066,
    5543.81215,
    12.489387375000087,
    29.045738499999867,
    2.0943548750000196,
    21.0145625,
    0.0004196264358852819,
    -0.0016741401993658755,
    0.0032245378671154575,
    0.0013414343731446958,
    0.2833125,
    0.0795875,
    0.0816375
  ],
  "stds": [
    4.908211696001034,
    19.741911313471554,
    3.1783844282178544,
    0.28924874011653057,
    4.531749468860756,
    2.2928936749976443,
    6.606163973664128,
    2940.613226554507,
    7.2250799044677265,
    10.950340396632376,
    1.2118543832959408,
    11.245513569134493,
    0.7067443074135393,
    0.707466963968568,
    0.7071404964543083,
    0.7070644392017257,
    0.45060684342746715,
    0.2706535236121671,
    0.2738116480243466
  ]
}