{
  "means": [
    6.609125124999946,
    24.393177249999894,
    6.508840000000021,
    1.4993944999999864,
    17.344780999999955,
    3.4947125,
    5.0979975,
    5543.3208625,
    12.481160875000006,
    29.014767874999972,
    2.1026120000000112,
    21.0721,
    0.006828186047349411,
    0.0027138805387339356,
    -0.001163845826907183,
    0.001629300560487108,
    0.286275,
    0.079425,
    0.0795125
  ],
  "stds": [
    4.9212626106866075,
    19.728645443620405,
    3.1737272522855107,
    0.2886829720813916,
    4.517026770679858,
    2.290588798179115,
    6.462966517011846,
    2937.8512803211725,
    7.211684368864383,
    10.965555286720031,
    1.2095888123474157,
    11.258156003093621,
    0.706985533400918,
    0.7071898375186031,
    0.706824715195549,
    0.7073859009274406,
    0.4520194955698432,
    0.2704009418899559,
    0.2705369888643931
  ]
}