{
    "means": [
        250.05017399999946, 239.52219487499977, 1.250544250000021, 64.8438671250003, 3.4993625,
        5.14185200000004, 5548.59075, 12.499782875000006, 28.942267250000103, 3.490275, 5.130408124999985,
        2.7447682500000172, 21.0389125, 84.37856549999954, 675.1259428750836, 1.2996036249999723, 2.4970125,
        4, -0.0017249389266993543, -0.0015433352716677808, -0.0027338175877683548, 0.0014944446897285284,
        -0.000225384295108983, -0.0006574759526419078, 0.287625, 0.079375, 0.0811875, 0.3011185750000001
    ],
    "stds": [
        115.73821370926832, 121.35690674407944, 0.14416676555967475, 12.080761329758667, 2.289055393299493,
        6.488533150305991, 2935.5641143550883, 7.227522959604141, 10.962042402972985, 2.2920908412136156,
        6.492903286061205, 1.2996083972843235, 11.270717515639857, 48.18158700271009, 289.3455460942633,
        0.17331391789715034, 1.118331826804638, 1, 0.7071409297643649, 0.7070688425844024, 0.7071310192915713,
        0.7070756780094518, 0.7075330905350481, 0.7066798728741377, 0.45265534281080194, 0.2703231573043849,
        0.2731228475313175, 0.14623371572578464
    ]
}
