{
  "means": [
    15.320227625000127,
    44.529466250000155,
    9.023231125000034,
    1.4981143750000046,
    22.214292625000137,
    3.487125,
    5.124758499999968,
    5560.7915375,
    12.49340237500007,
    29.02199599999945,
    3.28263849999999,
    21.0002625,
    0.00047271519976292654,
    -0.0011080555377190133,
    0.000255762714750633,
    -0.002955351964402536,
    0.2846,
    0.07995,
    0.0806
  ],
  "stds": [
    10.112164752882512,
    32.75146539931642,
    4.045439127101194,
    0.2887782941433604,
    6.075937284865823,
    2.2883911891053295,
    6.484713819953448,
    2938.3245266020394,
    7.2090289164071155,
    10.97161232447096,
    1.7286518304209837,
    11.268393294125275,
    0.704981403491417,
    0.7092247665476654,
    0.7065320972155116,
    0.7076747812982243,
    0.451223713915487,
    0.27121577664307467,
    0.2722198376310741
  ]
}