{
  "means": [
    274.60484524999873,
    263.281465999998,
    1.2505328750000284,
    64.79587512500072,
    3.4967875,
    5.1316723750000035,
    5545.5089,
    12.50432762500011,
    28.985591874999866,
    3.5109,
    5.139888374999951,
    2.747161375000014,
    20.98445,
    84.21894987500107,
    903.8145357499983,
    1.2997647499999732,
    2.5035,
    4,
    -0.0011884109450997315,
    0.000440629742316181,
    -0.00037547097048190126,
    0.0032715825569832914,
    -0.0016477155009820916,
    -0.001376457793609616,
    0.2869625,
    0.0790375,
    0.0805875,
    0.30070526250000196
  ],
  "stds": [
    130.22356347152987,
    136.2897877127844,
    0.1443606500894065,
    12.094123340352352,
    2.294131574222031,
    6.495516675322305,
    2934.7047308112274,
    7.195109802873699,
    10.99468804262718,
    2.291971027304306,
    6.497997649757448,
    1.300700676926885,
    11.259992593137301,
    48.15971786260793,
    390.67069041458785,
    0.1726749899592915,
    1.12127728506363,
    1,
    0.7073747946809793,
    0.706837529687604,
    0.7080377825351103,
    0.7061668742383244,
    0.7079241908802203,
    0.7062851622141478,
    0.45234392180467753,
    0.2697972824063578,
    0.27220057833092326,
    0.1460921864519259
  ]
}