{
    "means": [
        8.170855624999891, 37.89557574999999, 7.513230749999912, 1.4984986249999837, 13.868063875000088,
        3.5051625, 5.18312149999993, 5546.3159625, 12.501338125000006, 28.99735462500038, 2.7472555000000245,
        20.1743125, -0.002599315103760451, -0.001678613208547848, 0.0028834844215320675,
        -0.0018326038049246527, 0.2833125, 0.0817375, 0.07955
    ],
    "stds": [
        5.979348015808672, 30.296291615906107, 3.7489638938317587, 0.28866665398536523, 3.727645429446023,
        2.287766017011524, 6.522549954870349, 2939.4648866469192, 7.213933350514904, 10.971028688926244,
        1.297299954798302, 11.169216743010068, 0.7073265043225355, 0.7068802176477109, 0.7071440280539827,
        0.7070612778737434, 0.45060684342746654, 0.2739643792427117, 0.27059526511017723
    ]
}
