{
  "means": [
    274.56594762500265,
    263.419522499998,
    1.250727999999981,
    64.77466437500081,
    3.4996625,
    5.10703724999996,
    5543.34575,
    12.475444625000035,
    29.021794999999873,
    3.5036875,
    5.1571697499999996,
    2.7550993749999884,
    20.997725,
    84.60810812499996,
    746.415372500095,
    1.2997746249999915,
    1,
    1,
    -0.004300439427083361,
    -0.0007512206652527068,
    -0.0022984347976624463,
    0.0012483901242434595,
    -0.00020991922531261,
    0.001985400172474267,
    0.2869375,
    0.0774125,
    0.08085,
    0.30184372500000295
  ],
  "stds": [
    130.20454261280392,
    136.6306264619019,
    0.14470247930147853,
    12.100685613317598,
    2.2926894438831362,
    6.483994377474673,
    2944.502698688174,
    7.198346526446778,
    10.965705504684692,
    2.2902699409339045,
    6.509618578855196,
    1.2983165128829646,
    11.232311419487932,
    48.114966184359375,
    325.51135294979156,
    0.1733689359606143,
    1,
    1,
    0.7063510392885667,
    0.7078482543485725,
    0.7070869466620455,
    0.7071217777580783,
    0.7072260642354107,
    0.7069846590885465,
    0.4523321468721817,
    0.26724484063072856,
    0.2726046175323785,
    0.14609041054471775
  ]
}